Achternaam;Voornaam;Stud.Nr.;Vak1;Vak2;Vak3;Vak4;Vak5
Abbing;Yanick;52311353;Analysemethoden en -technieken;Data Mining;Lineaire Algebra;Software engineering;0
Adam;Roelof;76903244;Webprogrammeren en databases;0;0;0;0
Agema;Willibrordus;6709529;Calculus 2;0;0;0;0
Anker;Servaas;70015932;Architectuur en computerorganisatie;Software engineering;0;0;0
Ankone;Wissal;82066165;Compilebouw practicum;Project Genetic Algorithms;0;0;0
Apeldoorn;Herman;1886996;Advanced Heuristics;Heuristieken 2;0;0;0
Appel;Evi;13534377;Collectieve Intelligentie;0;0;0;0
Appelhof;Wilmer;54395877;Programmeren in Java 2;0;0;0;0
Arendse;Benjamin;53512831;Webprogrammeren en databases;0;0;0;0
Aslan;Diny;56348773;Calculus 2;0;0;0;0
Autar;Chesney;13218321;Moderne Databases;0;0;0;0
Avci;Martin;13284244;Compilerbouw;Project Numerical Recipes;0;0;0
Baetsen;Gidon;36748818;Informatie- en organisatieontwerp;Moderne Databases;0;0;0
Bakkum;Rhona;50184318;Collectieve Intelligentie;Moderne Databases;0;0;0
Bart;Wafa;64296965;Analysemethoden en -technieken;Collectieve Intelligentie;Databases 2;Kansrekenen 2;0
Baselmans;Sharan;42778953;Collectieve Intelligentie;Compilerbouw;Lineaire Algebra;Project Numerical Recipes;0
Bastings;Edin;82689818;Algoritmen en complexiteit;Architectuur en computerorganisatie;Collectieve Intelligentie;Databases 2;Netwerken en systeembeveiliging
Baudoin;Mattijs;81385263;Algoritmen en complexiteit;Compilerbouw;Interactie-ontwerp;Lineaire Algebra;Netwerken en systeembeveiliging
Bauer;Ravi;51741554;Calculus 2;Collectieve Intelligentie;Netwerken en systeembeveiliging;0;0
Becht;Wiert;63939720;Project Numerical Recipes;0;0;0;0
Bekkema;Kyllian;70844780;Advanced Heuristics;Netwerken en systeembeveiliging;Reflectie op de digitale cultuur;0;0
Bekker;Marrie;97135019;Calculus 2;Collectieve Intelligentie;Netwerken en systeembeveiliging;Zoeken sturen en bewegen;0
Berentsen;Angèle;78136904;Advanced Heuristics;Algoritmen en complexiteit;Kansrekenen 2;Reflectie op de digitale cultuur;0
Bergmans;Emil;8522855;Algoritmen en complexiteit;Kansrekenen 2;Netwerken en systeembeveiliging;Project Genetic Algorithms;0
Berkers;Tian;27064249;Advanced Heuristics;Calculus 2;Webprogrammeren en databases;0;0
Berrevoets;Annique;82872148;Netwerken en systeembeveiliging;Software engineering;0;0;0
Besemer;Theadora;93023961;Data Mining;0;0;0;0
Beulen;Abdallah;22871048;Analysemethoden en -technieken;Autonomous Agents 2;Heuristieken 1;Reflectie op de digitale cultuur;Software engineering
Beunen;Eltjo;96554914;Reflectie op de digitale cultuur;Software engineering;0;0;0
Bhaggoe;Saba;41585485;Algoritmen en complexiteit;Kansrekenen 2;Programmeren in Java 2;0;0
Bischoff;Ella;46052388;Collectieve Intelligentie;0;0;0;0
Blijleven;Perry;34691309;Project Numerical Recipes;0;0;0;0
Blik;Thyrza;54074680;Lineaire Algebra;0;0;0;0
Blikman;Jarik;81200278;Bioinformatica;Data Mining;Heuristieken 2;Interactie-ontwerp;Netwerken en systeembeveiliging
Blikman;Monika;18266644;Analysemethoden en -technieken;Informatie- en organisatieontwerp;Kansrekenen 2;Netwerken en systeembeveiliging;0
Bloemert;Marco;1075391;Collectieve Intelligentie;0;0;0;0
Bloemsma;Anjana;44151631;Compilebouw practicum;0;0;0;0
Blomsma;Guilliano;69459473;Project Genetic Algorithms;Webprogrammeren en databases;0;0;0
Boateng;Lenne;40791377;Compilerbouw;Machine Learning;0;0;0
Boekema;Amadou;5368702;Compilerbouw;Interactie-ontwerp;Kansrekenen 2;0;0
Bol;Armin;88737765;Analysemethoden en -technieken;Project Genetic Algorithms;0;0;0
Bolding;Rayn;27916487;Moderne Databases;0;0;0;0
Bontenbal;Jeremey;20239127;Kansrekenen 2;Reflectie op de digitale cultuur;0;0;0
Bood;Tariq;28943658;Programmeren in Java 2;0;0;0;0
Boogert;Hiba;70939718;Calculus 2;Netwerken en systeembeveiliging;0;0;0
Borg;Kely;73893840;Programmeren in Java 2;0;0;0;0
Borsboom;Ken;51415617;Reflectie op de digitale cultuur;0;0;0;0
Boshuis;Narin;19540225;Algoritmen en complexiteit;0;0;0;0
Bosman;Rudolph;93361408;Calculus 2;0;0;0;0
Boutkan;Jael;59220392;Calculus 2;Zoeken sturen en bewegen;0;0;0
Braamhaar;Resi;82233873;Zoeken sturen en bewegen;0;0;0;0
Brans;Hanne;36785409;Analysemethoden en -technieken;Reflectie op de digitale cultuur;Technology for games;0;0
Brasser;Cyrina;77831658;Analysemethoden en -technieken;Bioinformatica;Project Numerical Recipes;0;0
Brink;Femia;45556081;Architectuur en computerorganisatie;Collectieve Intelligentie;0;0;0
Brink;Renze;5615125;Calculus 2;Kansrekenen 2;Webprogrammeren en databases;0;0
Brinks;Nyncke;44940353;Kansrekenen 2;0;0;0;0
Brinksma;Wulfert;49922855;Reflectie op de digitale cultuur;0;0;0;0
Broeks;Ilyass;56815156;Analysemethoden en -technieken;Bioinformatica;Zoeken sturen en bewegen;0;0
Broer;Ethan;14671406;Algoritmen en complexiteit;Kansrekenen 2;Software engineering;0;0
Broerse;Tarah;62872965;Autonomous Agents 2;Lineaire Algebra;0;0;0
Bronsema;Devlin;23257088;Databases 2;Informatie- en organisatieontwerp;Programmeren in Java 2;0;0
Bruijnes;Sayfeddine;91196968;Data Mining;Kansrekenen 2;Lineaire Algebra;Programmeren in Java 2;0
Brunsveld;Virginie;5517869;Autonomous Agents 2;Collectieve Intelligentie;Databases 2;Lineaire Algebra;Moderne Databases
Brusse;Angus;62736669;Databases 2;Netwerken en systeembeveiliging;0;0;0
Budel;Allan;87602030;Calculus 2;Heuristieken 2;Project Genetic Algorithms;0;0
Buining;Wytske;86988337;Algoritmen en complexiteit;Compilerbouw;Databases 2;Programmeren in Java 2;Reflectie op de digitale cultuur
Buizer;Rika;77636749;Informatie- en organisatieontwerp;Kansrekenen 2;Technology for games;0;0
Buter;Vivianne;86807027;Advanced Heuristics;Calculus 2;Heuristieken 1;Programmeren in Java 2;Project Numerical Recipes
Buth;Abdül;29718115;Architectuur en computerorganisatie;Informatie- en organisatieontwerp;0;0;0
Buurma;Donné;54569540;Kansrekenen 2;Reflectie op de digitale cultuur;0;0;0
Caris;Lucienne;12077419;Algoritmen en complexiteit;Compilerbouw;Technology for games;0;0
Çetin;Samyra;22826928;Bioinformatica;Programmeren in Java 2;Reflectie op de digitale cultuur;0;0
Charité;Liana;60661905;Analysemethoden en -technieken;Programmeren in Java 2;Reflectie op de digitale cultuur;0;0
Christiaens;Yde;96054456;Bioinformatica;Calculus 2;Databases 2;Kansrekenen 2;Programmeren in Java 2
Claassen;Hailey;13718298;Analysemethoden en -technieken;Reflectie op de digitale cultuur;Software engineering;0;0
Cleven;Seyit;52304977;Heuristieken 2;0;0;0;0
Coenen;Jorike;7957843;Compilerbouw;Netwerken en systeembeveiliging;Project Numerical Recipes;0;0
Cooijmans;Laurentia;33760909;Calculus 2;Collectieve Intelligentie;Heuristieken 2;0;0
Corten;Mitzi;15911353;Compilerbouw;0;0;0;0
Corvers;Jildou;24891081;Webprogrammeren en databases;0;0;0;0
Cramer;Abdelouahid;5590289;Netwerken en systeembeveiliging;0;0;0;0
Cramer;Hananja;27582862;Programmeren in Java 2;Software engineering;0;0;0
Crombach;Jonas;65003379;Kansrekenen 2;0;0;0;0
Curfs;Güven;27370083;Reflectie op de digitale cultuur;0;0;0;0
Curvers;Everhard;17496687;Informatie- en organisatieontwerp;0;0;0;0
Daams;Amélie;15249775;Heuristieken 2;Programmeren in Java 2;0;0;0
Dams;Gradus;66701209;Compilerbouw;Project Genetic Algorithms;0;0;0
Dane;Goos;41644639;Compilebouw practicum;Project Genetic Algorithms;Zoeken sturen en bewegen;0;0
de Boon;Manuël;46701583;Algoritmen en complexiteit;Calculus 2;Machine Learning;Programmeren in Java 2;Project Genetic Algorithms
de Hoogh;Albertien;58565406;Software engineering;Technology for games;0;0;0
de Jongste;Kathryn;19214659;Interactie-ontwerp;Project Numerical Recipes;0;0;0
de Kanter;Anes;96082155;Moderne Databases;0;0;0;0
de Kreij;Krijna;33946407;Zoeken sturen en bewegen;0;0;0;0
de Kuijer;Farhad;63573738;Netwerken en systeembeveiliging;Project Numerical Recipes;0;0;0
de Leest;Janniek;66433883;Algoritmen en complexiteit;Programmeren in Java 2;0;0;0
de Leest;Wieke;90743504;Lineaire Algebra;0;0;0;0
de Looff;Yana;3727435;Software engineering;0;0;0;0
de Olde;Alexandre;16011419;Lineaire Algebra;0;0;0;0
de Olde;Müslüm;3678531;Calculus 2;Programmeren in Java 2;0;0;0
de Smit;Ziggy;82968410;Heuristieken 2;0;0;0;0
de Snoo;Ça?la;51673172;Compilebouw practicum;Project Genetic Algorithms;0;0;0
de Vreeze;Marije;64393888;Collectieve Intelligentie;Programmeren in Java 2;0;0;0
de Zoete;Linne;39919665;Kansrekenen 2;0;0;0;0
Deniz;Quido;93566383;Interactie-ontwerp;Lineaire Algebra;Programmeren in Java 2;0;0
Diallo;Brigitta;50143947;Algoritmen en complexiteit;Collectieve Intelligentie;Compilebouw practicum;Data Mining;Software engineering
Dibbets;Boy;670011;Databases 2;Heuristieken 2;Lineaire Algebra;Programmeren in Java 2;0
Dielen;Marjory;65978354;Calculus 2;0;0;0;0
Dieperink;Pietro;76487754;Technology for games;0;0;0;0
Dieters;André;57467488;Algoritmen en complexiteit;Databases 2;Heuristieken 1;Netwerken en systeembeveiliging;0
Doedens;Kelly;47932106;Calculus 2;Databases 2;0;0;0
Doeve;Winfried;37419523;Project Numerical Recipes;0;0;0;0
Donselaar;Oumaima;19958553;Informatie- en organisatieontwerp;0;0;0;0
Doppenberg;Maruschka;53267490;Netwerken en systeembeveiliging;0;0;0;0
Dröge;Siri;40911986;Project Numerical Recipes;0;0;0;0
Droog;S?la;3168419;Advanced Heuristics;Bioinformatica;Databases 2;0;0
Droste;Ko;26260141;Algoritmen en complexiteit;Calculus 2;Software engineering;0;0
Duiveman;Doede;68315599;Compilerbouw;Informatie- en organisatieontwerp;Moderne Databases;Technology for games;Zoeken sturen en bewegen
Dumoulin;Rintje;78822885;Analysemethoden en -technieken;0;0;0;0
Eeltink;Brecht;75599734;Compilerbouw;Software engineering;0;0;0
Eggens;Wissal;4529208;Databases 2;Zoeken sturen en bewegen;0;0;0
Eggermont;Catharinus;31103066;Software engineering;0;0;0;0
Eisinga;Mattie;59075181;Heuristieken 1;Kansrekenen 2;Netwerken en systeembeveiliging;0;0
Eissens;Ludovicus;59544049;Bioinformatica;Kansrekenen 2;Software engineering;0;0
Elberse;Pearl;59397895;Databases 2;0;0;0;0
Elissen;Raven;33930505;Bioinformatica;Netwerken en systeembeveiliging;0;0;0
Elschot;Bauke;79033175;Compilerbouw;0;0;0;0
Elschot;Geerten;31633723;Kansrekenen 2;Software engineering;0;0;0
Ensink;Dinah;7492204;Kansrekenen 2;Programmeren in Java 2;0;0;0
Essink;Hande;1181560;Moderne Databases;0;0;0;0
Essink;Jaro;54772132;Compilerbouw;Netwerken en systeembeveiliging;Programmeren in Java 2;0;0
Ester;Herwin;74131924;Autonomous Agents 2;Bioinformatica;Data Mining;0;0
Fekkes;Jurrian;27298319;Algoritmen en complexiteit;Autonomous Agents 2;Calculus 2;Zoeken sturen en bewegen;0
Fennis;Nurcan;66621166;Moderne Databases;0;0;0;0
Fleming;Antonius;65852230;Compilerbouw;0;0;0;0
Florijn;Belle;14941752;Heuristieken 1;Project Numerical Recipes;0;0;0
Fokkens;Diemer;85335143;Analysemethoden en -technieken;Bioinformatica;Calculus 2;Moderne Databases;Technology for games
Freriks;Ynze;37830626;Software engineering;0;0;0;0
Geboers;Nordin;45414528;Data Mining;Programmeren in Java 2;0;0;0
Geelen;Bahattin;93041523;Technology for games;0;0;0;0
Geers;Sohrab;87758823;Collectieve Intelligentie;Lineaire Algebra;Zoeken sturen en bewegen;0;0
Geluk;Patric;67073567;Webprogrammeren en databases;0;0;0;0
Gerritse;Eddy;18477924;Analysemethoden en -technieken;0;0;0;0
Gielissen;Deacon;11915563;Autonomous Agents 2;Compilerbouw;Kansrekenen 2;Software engineering;0
Giesen;Richenel;14637758;Analysemethoden en -technieken;0;0;0;0
Gijbels;Abdelkader;48308205;Compilerbouw;Lineaire Algebra;Project Numerical Recipes;Technology for games;0
Gilsing;Marco;49219163;Moderne Databases;0;0;0;0
Gök;Maritte;78243495;Heuristieken 2;Moderne Databases;Software engineering;Webprogrammeren en databases;0
Goor;Rivelino;19337738;Data Mining;0;0;0;0
Grift;Umar;70113753;Autonomous Agents 2;Programmeren in Java 2;0;0;0
Groote;Rijkje;4546613;Calculus 2;Interactie-ontwerp;Software engineering;0;0
Grooteman;Ünal;7106649;Heuristieken 2;Technology for games;0;0;0
Grootenboer;Yalda;72895450;Algoritmen en complexiteit;Compilerbouw;Project Numerical Recipes;Webprogrammeren en databases;0
Haalboom;Faruk;13132925;Databases 2;0;0;0;0
Haanstra;Jetty;53139134;Calculus 2;0;0;0;0
Haarman;Gabe;77264363;Technology for games;0;0;0;0
Haas;Eylem;58332004;Databases 2;Informatie- en organisatieontwerp;Kansrekenen 2;Moderne Databases;Programmeren in Java 2
Hamelink;Virgill;51593625;Programmeren in Java 2;Software engineering;0;0;0
Hamers;Judi;14383795;Compilebouw practicum;Technology for games;0;0;0
Hamhuis;Olle;51472074;Compilebouw practicum;0;0;0;0
Hamstra;Sahar;71839156;Compilebouw practicum;Heuristieken 1;Lineaire Algebra;0;0
Hartevelt;Ervin;20095994;Reflectie op de digitale cultuur;0;0;0;0
Heijman;Berdina;14398123;Kansrekenen 2;Netwerken en systeembeveiliging;Project Genetic Algorithms;0;0
Heijnen;Guus;6939933;Calculus 2;Project Numerical Recipes;0;0;0
Heikoop;Rosali;1048485;Netwerken en systeembeveiliging;Programmeren in Java 2;Software engineering;0;0
Heller;Mahmud;99453514;Data Mining;Reflectie op de digitale cultuur;0;0;0
Hijdra;Sergio;38179241;Calculus 2;Interactie-ontwerp;0;0;0
Hilhorst;Bo;36508571;Autonomous Agents 2;Lineaire Algebra;0;0;0
Hoeksema;Dana;49683101;Architectuur en computerorganisatie;Compilerbouw;Machine Learning;0;0
Hoenderdos;Sverre;58480929;Analysemethoden en -technieken;0;0;0;0
Hofman;Anne-Jet;49908313;Webprogrammeren en databases;0;0;0;0
Holstein;Johanne;535689;Compilebouw practicum;Netwerken en systeembeveiliging;0;0;0
Holt;Nesrin;5526560;Databases 2;Project Genetic Algorithms;0;0;0
Holtkamp;Florus;34900967;Analysemethoden en -technieken;Programmeren in Java 2;0;0;0
Hoogerbrugge;Christal;43460038;Architectuur en computerorganisatie;Software engineering;Webprogrammeren en databases;0;0
Hooijmaijers;Esmée;62356458;Autonomous Agents 2;Project Numerical Recipes;Software engineering;0;0
Hooiveld;Michal;87314964;Data Mining;0;0;0;0
Hoornstra;Catherine;10149535;Architectuur en computerorganisatie;Calculus 2;Lineaire Algebra;Technology for games;0
Horstink;Tea;2317551;Compilerbouw;Programmeren in Java 2;0;0;0
Hospers;Wichard;31416266;Collectieve Intelligentie;Lineaire Algebra;Programmeren in Java 2;0;0
Huibers;Kyra;41790793;Webprogrammeren en databases;0;0;0;0
Hunting;Paulette;5298748;Bioinformatica;Reflectie op de digitale cultuur;0;0;0
Hup;Ytje;87210640;Heuristieken 1;0;0;0;0
IJkema;Frédéric;77376714;Algoritmen en complexiteit;Moderne Databases;Software engineering;0;0
Imthorn;Marnik;88597745;Programmeren in Java 2;Zoeken sturen en bewegen;0;0;0
Jackson;Geartsje;45660925;Heuristieken 1;0;0;0;0
Jacob;Rino;91139627;Kansrekenen 2;0;0;0;0
Jagersma;Faya;73823548;Calculus 2;Databases 2;Project Numerical Recipes;0;0
Jak;Paulo;54540997;Databases 2;0;0;0;0
Jama;Owen;28359697;Bioinformatica;Zoeken sturen en bewegen;0;0;0
Janga;Le;84524083;Compilerbouw;Heuristieken 2;Kansrekenen 2;Reflectie op de digitale cultuur;0
Jankie;Kyan;66122625;Data Mining;Heuristieken 1;0;0;0
Jansema;Nikolas;21192048;Technology for games;0;0;0;0
Jongbloed;Tamar;94467156;Kansrekenen 2;Machine Learning;Programmeren in Java 2;Project Genetic Algorithms;Software engineering
Jongejan;Jenske;15902055;Algoritmen en complexiteit;Calculus 2;Collectieve Intelligentie;Programmeren in Java 2;0
Jonkergouw;Aradhna;92496780;Technology for games;0;0;0;0
Joris;Gerritjan;75585647;Calculus 2;Informatie- en organisatieontwerp;0;0;0
Joseph;Maïssae;80709893;Lineaire Algebra;Software engineering;0;0;0
Kalpoe;Miko;10702778;Programmeren in Java 2;0;0;0;0
Kalshoven;Chrystel;38499176;Compilebouw practicum;Kansrekenen 2;Lineaire Algebra;Netwerken en systeembeveiliging;Programmeren in Java 2
Kamp;Yaro;6249823;Technology for games;Webprogrammeren en databases;0;0;0
Kampers;Riana;92778619;Programmeren in Java 2;Reflectie op de digitale cultuur;Zoeken sturen en bewegen;0;0
Kant;Juliëtte;75005528;Databases 2;Lineaire Algebra;Project Numerical Recipes;0;0
Karim;Esmé;3685034;Kansrekenen 2;Machine Learning;Project Numerical Recipes;Reflectie op de digitale cultuur;0
Keijser;Devon;69634191;Interactie-ontwerp;0;0;0;0
Kemps;Enya;58083680;Databases 2;0;0;0;0
Kentie;Ceciel;33776961;Moderne Databases;Programmeren in Java 2;Reflectie op de digitale cultuur;0;0
Kersten;Thys;11459236;Compilebouw practicum;Informatie- en organisatieontwerp;0;0;0
Kesteloo;Kimmy;34773179;Collectieve Intelligentie;Project Genetic Algorithms;0;0;0
Keuken;Lysbeth;1766560;Compilerbouw;Moderne Databases;Project Numerical Recipes;0;0
Kienhuis;Rahim;99272880;Compilebouw practicum;Kansrekenen 2;Programmeren in Java 2;0;0
Kivits;Sezen;59887191;Netwerken en systeembeveiliging;Zoeken sturen en bewegen;0;0;0
Klarenbeek;Ylse;62701040;Collectieve Intelligentie;Informatie- en organisatieontwerp;Programmeren in Java 2;0;0
Klop;Adil;58040377;Calculus 2;Heuristieken 2;Programmeren in Java 2;0;0
Knibbe;Danique;16097870;Analysemethoden en -technieken;Autonomous Agents 2;Calculus 2;Heuristieken 2;Lineaire Algebra
Knuiman;George;43689934;Compilerbouw;0;0;0;0
Koelemij;Evelyn;10792879;Calculus 2;Compilerbouw;Kansrekenen 2;0;0
Kol;Djura;43680781;Bioinformatica;Moderne Databases;Reflectie op de digitale cultuur;Technology for games;0
Koning;Matz;48601268;Collectieve Intelligentie;Software engineering;0;0;0
Kooijmans;Nuriye;75997788;Advanced Heuristics;Analysemethoden en -technieken;Calculus 2;Heuristieken 1;Moderne Databases
Kooyman;Thijn;88855695;Calculus 2;Compilerbouw;0;0;0
Koppers;Yee;81155296;Calculus 2;Interactie-ontwerp;0;0;0
Kops;Eveline;47260040;Compilebouw practicum;0;0;0;0
Korbee;Titia;86291592;Collectieve Intelligentie;Compilerbouw;Netwerken en systeembeveiliging;Programmeren in Java 2;Project Numerical Recipes
Korpershoek;Djuri;27241113;Moderne Databases;0;0;0;0
Korte;Gineke;13798030;Architectuur en computerorganisatie;0;0;0;0
Kortlever;Sharen;51542218;Analysemethoden en -technieken;Databases 2;Kansrekenen 2;0;0
Kost;Remon;87900893;Calculus 2;Data Mining;0;0;0
Koudijs;Cherissa;96118484;Lineaire Algebra;0;0;0;0
Krabbe;Fynn;21677389;Interactie-ontwerp;Netwerken en systeembeveiliging;0;0;0
Kreijkes;Nikie;34588570;Lineaire Algebra;0;0;0;0
Krikke;Do?ukan;1695839;Compilebouw practicum;0;0;0;0
Kroonen;Corry;247918;Bioinformatica;Databases 2;0;0;0
Kropman;Ngoc;38329455;Kansrekenen 2;0;0;0;0
Kros;Vincent;22699561;Collectieve Intelligentie;0;0;0;0
Kuijpers;Resul;54026378;Autonomous Agents 2;Bioinformatica;Software engineering;0;0
Kwantes;Machteld;97417002;Heuristieken 1;0;0;0;0
Kwee;Esperanza;79366078;Kansrekenen 2;0;0;0;0
Lagendijk;Nadeem;78735049;Calculus 2;Kansrekenen 2;0;0;0
Laman;Christianus;14303208;Calculus 2;Compilebouw practicum;Webprogrammeren en databases;0;0
Lamme;Mathyn;31897288;Heuristieken 1;Heuristieken 2;0;0;0
Lantinga;Buck;23547619;Advanced Heuristics;Collectieve Intelligentie;Interactie-ontwerp;Technology for games;Zoeken sturen en bewegen
Lathouwers;Hanan;11068043;Bioinformatica;Compilebouw practicum;Project Numerical Recipes;Software engineering;0
Lathouwers;Mouna;29526540;Bioinformatica;Databases 2;Moderne Databases;0;0
Lau;Yvan;79937969;Lineaire Algebra;0;0;0;0
Laurijssen;Seyed;62613937;Advanced Heuristics;Analysemethoden en -technieken;0;0;0
Leemburg;Mellisa;47477884;Advanced Heuristics;Calculus 2;Databases 2;Programmeren in Java 2;0
Leidelmeijer;Rein;36527838;Lineaire Algebra;Moderne Databases;Zoeken sturen en bewegen;0;0
Leijen;Björn;3233378;Collectieve Intelligentie;Software engineering;0;0;0
Leijenaar;Jory;25994016;Compilebouw practicum;Project Genetic Algorithms;0;0;0
Lemaire;Haroun;44868097;Bioinformatica;Calculus 2;Software engineering;0;0
Lems;Nadège;77960666;Databases 2;Programmeren in Java 2;Reflectie op de digitale cultuur;0;0
Lentz;Sanne;40434933;Architectuur en computerorganisatie;Databases 2;Technology for games;Webprogrammeren en databases;0
Levels;Federico;13911001;Compilerbouw;Compilebouw practicum;Moderne Databases;0;0
Liebregts;Chi;88596522;Algoritmen en complexiteit;Compilebouw practicum;0;0;0
Lima;Maurice;74361881;Compilebouw practicum;Project Genetic Algorithms;0;0;0
Lindhout;Hetty;1696500;Collectieve Intelligentie;Heuristieken 1;Netwerken en systeembeveiliging;0;0
Loeffen;Dingenus;16912993;Netwerken en systeembeveiliging;0;0;0;0
Lohuis;Wannes;76802764;Compilerbouw;0;0;0;0
Looij;Malcolm;56872729;Calculus 2;Databases 2;Lineaire Algebra;0;0
Lopez;Fredrika;21095566;Algoritmen en complexiteit;Software engineering;0;0;0
Lugthart;Sherwin;77306636;Calculus 2;0;0;0;0
Luten;Yi;63634350;Calculus 2;Compilebouw practicum;Heuristieken 2;Kansrekenen 2;Programmeren in Java 2
Luth;Mathé;97838175;Analysemethoden en -technieken;Zoeken sturen en bewegen;0;0;0
Machielsen;Pim;51186803;Kansrekenen 2;0;0;0;0
Majoor;Valéry;58522654;Bioinformatica;Collectieve Intelligentie;Compilerbouw;Kansrekenen 2;0
Malestein;Dorenda;42115591;Analysemethoden en -technieken;Kansrekenen 2;Lineaire Algebra;Software engineering;0
Melis;Noelle;55480737;Project Genetic Algorithms;0;0;0;0
Menke;Noud;44391517;Compilerbouw;Programmeren in Java 2;Zoeken sturen en bewegen;0;0
Metselaar;Bodie;24613625;Bioinformatica;Compilerbouw;Project Genetic Algorithms;0;0
Metzelaar;Miquel;86000192;Calculus 2;Collectieve Intelligentie;Programmeren in Java 2;0;0
Meulmeester;Roan;68409833;Autonomous Agents 2;Lineaire Algebra;Project Genetic Algorithms;Software engineering;0
Middel;Myron;72683344;Advanced Heuristics;Architectuur en computerorganisatie;0;0;0
Miedema;Maron;99283252;Moderne Databases;Project Genetic Algorithms;Software engineering;0;0
Mijnheer;Marcellus;4783858;Calculus 2;Collectieve Intelligentie;Heuristieken 1;Software engineering;0
Milder;Eyup;75623387;Calculus 2;0;0;0;0
Milder;Oliver;27925117;Architectuur en computerorganisatie;Calculus 2;Heuristieken 2;Project Genetic Algorithms;0
Modderkolk;Jo-Anne;56749879;Bioinformatica;Databases 2;Heuristieken 1;Kansrekenen 2;Programmeren in Java 2
Modderkolk;Jorren;72577292;Advanced Heuristics;Architectuur en computerorganisatie;Collectieve Intelligentie;Webprogrammeren en databases;0
Moes;Lisse;53585410;Algoritmen en complexiteit;Calculus 2;Compilebouw practicum;Programmeren in Java 2;0
Moeskops;Antonetta;26857113;Machine Learning;Programmeren in Java 2;0;0;0
Mok;Lamia;84110134;Kansrekenen 2;Project Numerical Recipes;Software engineering;0;0
Mol;Sonny;44671041;Programmeren in Java 2;Software engineering;0;0;0
Mullenders;Shannon;54310617;Collectieve Intelligentie;Kansrekenen 2;0;0;0
Munsters;Doetje;10872825;Kansrekenen 2;0;0;0;0
Mutsaers;Callista;64418623;Compilebouw practicum;0;0;0;0
Nagel;Claudine;63096281;Programmeren in Java 2;0;0;0;0
Neve;Fauve;70336464;Technology for games;0;0;0;0
Nieman;Randell;4697362;Technology for games;0;0;0;0
Nieuwenhuizen;Jurrit;1137946;Webprogrammeren en databases;0;0;0;0
Niezen;Inas;67817269;Algoritmen en complexiteit;0;0;0;0
Nijs;Vesna;51650744;Moderne Databases;0;0;0;0
Noordhuis;Harry;72586808;Analysemethoden en -technieken;Netwerken en systeembeveiliging;0;0;0
Noordzij;Juliët;46570285;Calculus 2;Kansrekenen 2;Moderne Databases;0;0
Noot;Henricus;88519892;Programmeren in Java 2;0;0;0;0
Notermans;Inger;13092455;Collectieve Intelligentie;Databases 2;Project Numerical Recipes;Reflectie op de digitale cultuur;0
Nuiten;Geurt;61060652;Heuristieken 1;Lineaire Algebra;Software engineering;0;0
Numan;Lee;40141996;Calculus 2;Databases 2;0;0;0
Odijk;Rieke;30658799;Compilerbouw;Moderne Databases;0;0;0
Okkerse;Seb;90067329;Machine Learning;0;0;0;0
Ooijen;Steijn;86180471;Calculus 2;Databases 2;Project Genetic Algorithms;0;0
Oosterbeek;Rins;13116738;Data Mining;Informatie- en organisatieontwerp;Zoeken sturen en bewegen;0;0
Oosterbroek;Lilly;13210212;Zoeken sturen en bewegen;0;0;0;0
Oostvogels;Romaisa;22731474;Bioinformatica;Heuristieken 2;Kansrekenen 2;Project Numerical Recipes;0
Overbeeke;Casimir;17575088;Collectieve Intelligentie;0;0;0;0
Paauwe;Shakir;30195935;Bioinformatica;Netwerken en systeembeveiliging;0;0;0
Paijmans;Redouane;75664412;Compilerbouw;Netwerken en systeembeveiliging;Technology for games;0;0
Panman;Loulou;79888156;Calculus 2;0;0;0;0
Pastoor;Farah;3407554;Compilerbouw;Compilebouw practicum;0;0;0
Pater;Vincentius;34765676;Algoritmen en complexiteit;Heuristieken 2;Interactie-ontwerp;0;0
Paulissen;Solane;1665980;Algoritmen en complexiteit;Collectieve Intelligentie;Compilebouw practicum;0;0
Peijs;Xander;96104167;Collectieve Intelligentie;0;0;0;0
Pelders;Heba;75680261;Project Genetic Algorithms;0;0;0;0
Pereira;Luca;23798155;Analysemethoden en -technieken;Architectuur en computerorganisatie;Kansrekenen 2;Machine Learning;0
Philippi;Ilana;58866007;Architectuur en computerorganisatie;Lineaire Algebra;0;0;0
Philips;Kaoutar;20883994;Advanced Heuristics;Bioinformatica;Kansrekenen 2;0;0
Piek;Rémy;5976174;Algoritmen en complexiteit;Heuristieken 2;Machine Learning;Software engineering;0
Plaizier;Wijntje;85284256;Netwerken en systeembeveiliging;Programmeren in Java 2;0;0;0
Planken;Giedo;47605891;Kansrekenen 2;0;0;0;0
Plasman;Nathanaël;2416751;Programmeren in Java 2;Webprogrammeren en databases;0;0;0
Pleiter;Matthijs;77240949;Collectieve Intelligentie;Kansrekenen 2;Machine Learning;0;0
Poepjes;Zahir;31247305;Kansrekenen 2;Netwerken en systeembeveiliging;Software engineering;0;0
Poldervaart;Gustaaf;58253841;Calculus 2;Project Genetic Algorithms;Zoeken sturen en bewegen;0;0
Polfliet;Rafaela;72665524;Advanced Heuristics;Calculus 2;Compilebouw practicum;Netwerken en systeembeveiliging;0
Popma;Stephano;34872117;Architectuur en computerorganisatie;Compilerbouw;Databases 2;0;0
Postuma;Timo;36903574;Algoritmen en complexiteit;Heuristieken 1;Kansrekenen 2;Netwerken en systeembeveiliging;Programmeren in Java 2
Potgieter;Desireé;64947290;Algoritmen en complexiteit;Databases 2;Programmeren in Java 2;0;0
Pothuizen;Aart;27950803;Compilerbouw;Project Genetic Algorithms;Reflectie op de digitale cultuur;Software engineering;0
Pothuizen;Mink;85236626;Heuristieken 2;Machine Learning;Programmeren in Java 2;0;0
Potman;Genesis;123355;Netwerken en systeembeveiliging;0;0;0;0
Prevoo;Hendrik-Jan;27805666;Reflectie op de digitale cultuur;0;0;0;0
Prinssen;Annigje;3883025;Moderne Databases;Netwerken en systeembeveiliging;0;0;0
Pruijmboom;Javier;82412626;Calculus 2;0;0;0;0
Putters;André;37110913;Autonomous Agents 2;Data Mining;Heuristieken 1;Reflectie op de digitale cultuur;Technology for games
Putters;Luciana;61611295;Autonomous Agents 2;0;0;0;0
Quik;Semiha;32044893;Project Numerical Recipes;Reflectie op de digitale cultuur;0;0;0
Raaijmakers;Haiko;38296757;Calculus 2;Machine Learning;Reflectie op de digitale cultuur;0;0
Ramcharan;Erdal;25077484;Databases 2;Project Genetic Algorithms;0;0;0
Reek;Adisa;20618153;Programmeren in Java 2;Webprogrammeren en databases;0;0;0
Regeling;Jarik;4353500;Heuristieken 1;Netwerken en systeembeveiliging;0;0;0
Reintjes;Romello;29474737;Collectieve Intelligentie;0;0;0;0
Remijn;Nadir;25557516;Netwerken en systeembeveiliging;0;0;0;0
Renes;Taeke;23215240;Compilebouw practicum;Programmeren in Java 2;0;0;0
Reuvekamp;Cheyenna;3474870;Algoritmen en complexiteit;Lineaire Algebra;Webprogrammeren en databases;0;0
Richardson;Léonie;58699305;Calculus 2;Moderne Databases;0;0;0
Ridderhof;Abdeslam;37279234;Calculus 2;Programmeren in Java 2;0;0;0
Rienks;Kimm;62105897;Calculus 2;Programmeren in Java 2;Software engineering;0;0
Rijkens;Lorraine;27123462;Databases 2;0;0;0;0
Rinkel;Karam;41527759;Algoritmen en complexiteit;Kansrekenen 2;Software engineering;0;0
Rodenburg;Fatime;7308727;Bioinformatica;Collectieve Intelligentie;Netwerken en systeembeveiliging;Project Numerical Recipes;0
Roest;Yarah;18144425;Moderne Databases;0;0;0;0
Roeterdink;Tori;22168693;Calculus 2;0;0;0;0
Rokx;Shan;60352393;Advanced Heuristics;Databases 2;Netwerken en systeembeveiliging;Reflectie op de digitale cultuur;Zoeken sturen en bewegen
Rombout;Krijntje;65408517;Calculus 2;Software engineering;0;0;0
Roodbeen;Karolina;76123484;Collectieve Intelligentie;Databases 2;Webprogrammeren en databases;Zoeken sturen en bewegen;0
Rooijmans;Ziya;43902015;Algoritmen en complexiteit;Databases 2;Webprogrammeren en databases;0;0
Roozendaal;Jennie;72547110;Kansrekenen 2;0;0;0;0
Rosenbrand;Jake;72526473;Calculus 2;0;0;0;0
Rotgans;Roma;88176729;Bioinformatica;Software engineering;0;0;0
Rothuizen;Tevfik;40343779;Algoritmen en complexiteit;Netwerken en systeembeveiliging;Software engineering;0;0
Rottier;Sivar;17222374;Collectieve Intelligentie;Databases 2;Moderne Databases;0;0
Rovers;Eleanora;92665222;Advanced Heuristics;Compilerbouw;0;0;0
Rust;Jannette;19662602;Project Numerical Recipes;0;0;0;0
Rutte;Tea;76393508;Heuristieken 1;0;0;0;0
Sarikaya;Angelica;52552718;Autonomous Agents 2;Databases 2;Software engineering;0;0
Scheffers;Imran;48357272;Analysemethoden en -technieken;Calculus 2;Heuristieken 1;Software engineering;0
Schellevis;Albertine;80188025;Analysemethoden en -technieken;Calculus 2;0;0;0
Scheltema;Minoesch;73302736;Analysemethoden en -technieken;Calculus 2;Software engineering;0;0
Scherpenzeel;Jackson;94955328;Analysemethoden en -technieken;Kansrekenen 2;Lineaire Algebra;Programmeren in Java 2;0
Schijvenaars;Xiao;33252501;Machine Learning;0;0;0;0
Schoneveld;Elbertha;12091019;Calculus 2;Databases 2;0;0;0
Schoonderwoerd;Jaiden;72652638;Heuristieken 2;0;0;0;0
Schoutens;Nassira;90296821;Programmeren in Java 2;0;0;0;0
Schrader;Arif;14179347;Calculus 2;Project Genetic Algorithms;0;0;0
Schrama;Emrah;44901052;Autonomous Agents 2;Heuristieken 1;Informatie- en organisatieontwerp;Netwerken en systeembeveiliging;Technology for games
Schrauwen;Silvy;4709948;Moderne Databases;Netwerken en systeembeveiliging;Programmeren in Java 2;Reflectie op de digitale cultuur;0
Schuiling;Thom;64246605;Netwerken en systeembeveiliging;0;0;0;0
Selten;Levien;58469172;Calculus 2;Kansrekenen 2;Programmeren in Java 2;0;0
Selten;Marianka;34173695;Calculus 2;0;0;0;0
Sieben;Michèl;83443653;Analysemethoden en -technieken;Heuristieken 1;0;0;0
Siemonsma;Enes;35330349;Collectieve Intelligentie;Lineaire Algebra;0;0;0
Sier;Patricia;73236988;Bioinformatica;Compilerbouw;Project Numerical Recipes;Software engineering;0
Siero;Christiana;68601184;Collectieve Intelligentie;Programmeren in Java 2;0;0;0
Sijmons;Servet;40633534;Advanced Heuristics;Project Genetic Algorithms;0;0;0
Sikking;Saif;14072826;Software engineering;0;0;0;0
Sips;Jimi;64228258;Calculus 2;Collectieve Intelligentie;Webprogrammeren en databases;0;0
Slangen;Noë;92977271;Heuristieken 1;Informatie- en organisatieontwerp;Programmeren in Java 2;0;0
Slob;Xanne;80998260;Lineaire Algebra;0;0;0;0
Smallegange;Rachell;9287708;Software engineering;0;0;0;0
Snelder;Shaya;19858730;Autonomous Agents 2;Heuristieken 1;0;0;0
Snippe;Dolf;57419039;Zoeken sturen en bewegen;0;0;0;0
Soekhai;Marck;77392404;Netwerken en systeembeveiliging;Reflectie op de digitale cultuur;Webprogrammeren en databases;0;0
Sonnemans;Logan;91527663;Algoritmen en complexiteit;Databases 2;0;0;0
Speelman;Marrit;76924297;Interactie-ontwerp;Kansrekenen 2;Project Genetic Algorithms;0;0
Spronck;Kenan;42297781;Compilebouw practicum;0;0;0;0
Steeman;Ya;37804282;Zoeken sturen en bewegen;0;0;0;0
Stegink;Sharief;26207525;Databases 2;Netwerken en systeembeveiliging;0;0;0
Sterenberg;Orçun;79167252;Calculus 2;Compilerbouw;Programmeren in Java 2;0;0
Stienen;Wichard;55412918;Calculus 2;Lineaire Algebra;0;0;0
Stokkel;Tom;74182182;Calculus 2;Kansrekenen 2;Lineaire Algebra;Project Numerical Recipes;0
Stoppels;Franke;64554442;Algoritmen en complexiteit;0;0;0;0
Streefland;Kamil;17823206;Data Mining;Kansrekenen 2;Programmeren in Java 2;0;0
Stroo;Gonca;39905995;Programmeren in Java 2;0;0;0;0
Stuurman;Franklin;56121590;Databases 2;Netwerken en systeembeveiliging;0;0;0
Swiers;Chaimae;4921119;Analysemethoden en -technieken;Databases 2;Lineaire Algebra;Programmeren in Java 2;0
't Jong;Christoffel;83415514;Calculus 2;Moderne Databases;Programmeren in Java 2;0;0
't Lam;Jorg;47982619;Programmeren in Java 2;Technology for games;0;0;0
Talhaoui;Nermin;89985072;Bioinformatica;Compilebouw practicum;Software engineering;0;0
Tamis;Elbertus;39659121;Kansrekenen 2;0;0;0;0
Tap;Olof;88263855;Programmeren in Java 2;0;0;0;0
Tas;Sanja;95631564;Compilerbouw;Software engineering;0;0;0
Tas;Skye;49631542;Databases 2;Kansrekenen 2;Moderne Databases;0;0
te Braak;Nanette;83266686;Architectuur en computerorganisatie;Calculus 2;Compilerbouw;Moderne Databases;0
Teekens;Xiao;37399898;Interactie-ontwerp;Lineaire Algebra;Programmeren in Java 2;Reflectie op de digitale cultuur;Zoeken sturen en bewegen
ten Pas;Maan;20331158;Architectuur en computerorganisatie;Heuristieken 1;Kansrekenen 2;0;0
ten Pas;Tjalle;94686490;Calculus 2;Databases 2;Lineaire Algebra;0;0
ter Heide;Pleun;4568018;Bioinformatica;Compilebouw practicum;Heuristieken 1;Software engineering;0
Terpstra;Aboubakr;82854435;Analysemethoden en -technieken;0;0;0;0
Tettero;Arianna;64053722;Programmeren in Java 2;0;0;0;0
Teuben;Jonah;53202517;Bioinformatica;Compilerbouw;Webprogrammeren en databases;Zoeken sturen en bewegen;0
Thielen;Rochelle;34262212;Kansrekenen 2;Programmeren in Java 2;0;0;0
Thoma;Silvie;57595888;Collectieve Intelligentie;Compilebouw practicum;0;0;0
Tielemans;Ard;21964491;Algoritmen en complexiteit;Bioinformatica;Collectieve Intelligentie;Data Mining;Programmeren in Java 2
Tijhof;Raja;36213792;Reflectie op de digitale cultuur;0;0;0;0
Tip;Bilal;19058315;Netwerken en systeembeveiliging;0;0;0;0
Tjeerdsma;Sarena;14591033;Bioinformatica;Calculus 2;Heuristieken 1;Kansrekenen 2;Lineaire Algebra
Toetenel;Hedwich;66034145;Interactie-ontwerp;Webprogrammeren en databases;0;0;0
Toren;Samentha;24875739;Calculus 2;Kansrekenen 2;0;0;0
Traa;Liza;83869542;Databases 2;Heuristieken 2;0;0;0
Truijen;Tom;9067939;Compilerbouw;Zoeken sturen en bewegen;0;0;0
Tunç;Jacey;82390428;Reflectie op de digitale cultuur;0;0;0;0
Twigt;Annamaria;78544592;Calculus 2;Moderne Databases;0;0;0
Ubbink;Arina;57701414;Zoeken sturen en bewegen;0;0;0;0
Udo;Emme;42171678;Collectieve Intelligentie;Heuristieken 1;Moderne Databases;Zoeken sturen en bewegen;0
Uitslag;Felien;43027916;Analysemethoden en -technieken;Collectieve Intelligentie;Databases 2;Heuristieken 2;0
Ursem;Keely;14816774;Bioinformatica;Calculus 2;Databases 2;Heuristieken 1;0
Vaatstra;Nygel;14309255;Compilerbouw;Moderne Databases;Software engineering;Technology for games;0
Valster;Dineke;20830477;Heuristieken 1;Programmeren in Java 2;0;0;0
van Aaken;Shairon;24167153;Zoeken sturen en bewegen;0;0;0;0
van Aalderen;Saïd;63408522;Kansrekenen 2;0;0;0;0
van Amelsvoort;Cherilyn;97019450;Analysemethoden en -technieken;Heuristieken 1;Kansrekenen 2;Programmeren in Java 2;0
van Amerongen;Leo;73196865;Programmeren in Java 2;0;0;0;0
van Amersfoort;Peter-Jan;65318664;Analysemethoden en -technieken;Software engineering;0;0;0
van Apeldoorn;Jacky;28055464;Interactie-ontwerp;0;0;0;0
van Baaren;Nika;87830198;Analysemethoden en -technieken;Netwerken en systeembeveiliging;Project Genetic Algorithms;Reflectie op de digitale cultuur;0
van Barneveld;Cemil;90474003;Databases 2;Reflectie op de digitale cultuur;Zoeken sturen en bewegen;0;0
van Bavel;Johannus;81022997;Data Mining;Heuristieken 2;Netwerken en systeembeveiliging;Project Numerical Recipes;0
van Bentem;Lody;21070547;Project Numerical Recipes;0;0;0;0
van Berkom;Ynte;99975346;Heuristieken 2;Reflectie op de digitale cultuur;0;0;0
van Bezooijen;Liedeke;28357474;Collectieve Intelligentie;Software engineering;0;0;0
van de Bunt;Emircan;75759231;Compilerbouw;0;0;0;0
van de Geijn;Robbie;70193386;Analysemethoden en -technieken;Reflectie op de digitale cultuur;0;0;0
van de Kraats;Patryk;63111000;Machine Learning;Moderne Databases;Programmeren in Java 2;0;0
van de Kruijs;Kamila;81116418;Project Numerical Recipes;0;0;0;0
van de Kruijs;Rayen;27187154;Calculus 2;Compilerbouw;Kansrekenen 2;Machine Learning;Programmeren in Java 2
van de Kuilen;Roswitha;32183908;Project Numerical Recipes;0;0;0;0
van de Pavert;Rudy;31306819;Calculus 2;0;0;0;0
van de Pol;Shawny;42196732;Bioinformatica;Collectieve Intelligentie;Databases 2;Lineaire Algebra;0
van de Ridder;Leida;6913074;Bioinformatica;Calculus 2;Programmeren in Java 2;Reflectie op de digitale cultuur;0
van de Sanden;Jurre;66120270;Bioinformatica;Netwerken en systeembeveiliging;0;0;0
van de Wardt;Paulette;61518436;Kansrekenen 2;Machine Learning;Reflectie op de digitale cultuur;0;0
van den Berg;Nanke;67625383;Machine Learning;0;0;0;0
van den Boer;Btissam;97371272;Kansrekenen 2;Technology for games;0;0;0
van den Born;Enrique;32204977;Compilebouw practicum;Informatie- en organisatieontwerp;Technology for games;0;0
van den Eijnde;Cyrano;81218347;Heuristieken 1;Kansrekenen 2;Lineaire Algebra;0;0
van den Engel;Ceren;8464817;Compilerbouw;Programmeren in Java 2;0;0;0
van den Ham;Cyrille;51791169;Programmeren in Java 2;0;0;0;0
van den Hoogen;Léon;55530367;Calculus 2;0;0;0;0
van den Oord;Amos;79858178;Kansrekenen 2;0;0;0;0
van der Doelen;Chelly;57086672;Analysemethoden en -technieken;Heuristieken 2;Reflectie op de digitale cultuur;Webprogrammeren en databases;0
van der Drift;Tamar;55103073;Compilebouw practicum;0;0;0;0
van der Gaag;Lakshmi;15187217;Databases 2;0;0;0;0
van der Geer;Deejay;51566595;Algoritmen en complexiteit;Autonomous Agents 2;Data Mining;Databases 2;Heuristieken 2
van der Gulik;Ferhan;41489515;Moderne Databases;0;0;0;0
van der Klei;Daisy;77896638;Collectieve Intelligentie;Compilerbouw;Databases 2;Lineaire Algebra;Programmeren in Java 2
van der Leek;Pearl;59111489;Moderne Databases;0;0;0;0
van der Marel;Ay?egül;51509565;Algoritmen en complexiteit;0;0;0;0
van der Meer;Aïcha;23983476;Algoritmen en complexiteit;Informatie- en organisatieontwerp;Programmeren in Java 2;0;0
van der Meeren;Abdul;64600457;Bioinformatica;Calculus 2;Moderne Databases;Programmeren in Java 2;0
van der Meij;Geerte;60312776;Collectieve Intelligentie;Compilerbouw;Project Numerical Recipes;Software engineering;0
van der Niet;Maritha;41578612;Analysemethoden en -technieken;Lineaire Algebra;Project Genetic Algorithms;Reflectie op de digitale cultuur;Technology for games
van der Plaats;Johannes;22288615;Programmeren in Java 2;Webprogrammeren en databases;0;0;0
van der Plas;Graciella;32705005;Calculus 2;Kansrekenen 2;0;0;0
van der Steege;Darian;23391676;Kansrekenen 2;Programmeren in Java 2;0;0;0
van der Ster;Tos;23628642;Calculus 2;0;0;0;0
van der Stoel;Scotty;94687383;Compilerbouw;Programmeren in Java 2;0;0;0
van der Vleuten;Yun;8557857;Informatie- en organisatieontwerp;0;0;0;0
van der Wiel;Josef;48678993;Analysemethoden en -technieken;Heuristieken 2;Netwerken en systeembeveiliging;Project Genetic Algorithms;0
van der Zwet;Jos;6723948;Bioinformatica;Calculus 2;Compilerbouw;Programmeren in Java 2;Zoeken sturen en bewegen
van Dieten;George;5739011;Heuristieken 2;0;0;0;0
van Dinther;Ilayda;11593163;Calculus 2;0;0;0;0
van Eert;Naciye;55474917;Kansrekenen 2;Lineaire Algebra;Programmeren in Java 2;Software engineering;0
van Eeuwijk;Jayme;13996448;Data Mining;Programmeren in Java 2;Project Numerical Recipes;0;0
van Eijndhoven;Juan;42406214;Project Numerical Recipes;Reflectie op de digitale cultuur;0;0;0
van Geest;Wytse;82688900;Kansrekenen 2;0;0;0;0
van Gerwen;Carmela;76661016;Calculus 2;Compilerbouw;Interactie-ontwerp;Project Genetic Algorithms;0
van Groeningen;Joshi;5595824;Analysemethoden en -technieken;Compilerbouw;0;0;0
van Hall;Ouidad;37744525;Data Mining;Machine Learning;Netwerken en systeembeveiliging;Programmeren in Java 2;Software engineering
van Halteren;Walther;69086548;Kansrekenen 2;Technology for games;0;0;0
van Herten;Tamimount;88627897;Autonomous Agents 2;Zoeken sturen en bewegen;0;0;0
van Hezik;Shauny;63955238;Kansrekenen 2;Zoeken sturen en bewegen;0;0;0
van Ierland;Nalinie;76648468;Webprogrammeren en databases;0;0;0;0
van Ingen;Berit;3707829;Algoritmen en complexiteit;Interactie-ontwerp;Zoeken sturen en bewegen;0;0
van Iwaarden;Aidan;80135353;Compilerbouw;Programmeren in Java 2;0;0;0
van Kalsbeek;Ciske;25330192;Data Mining;Netwerken en systeembeveiliging;0;0;0
van Kasteel;Yücel;45915482;Calculus 2;Software engineering;Zoeken sturen en bewegen;0;0
van Kessel;Romany;75446434;Calculus 2;0;0;0;0
van Kommer;Demelza;79617364;Bioinformatica;Calculus 2;Lineaire Algebra;0;0
van Leussen;Seval;68286356;Reflectie op de digitale cultuur;0;0;0;0
van Lingen;Ruveyda;28618400;Advanced Heuristics;Architectuur en computerorganisatie;Netwerken en systeembeveiliging;Project Numerical Recipes;0
van Lingen;Touraya;68360259;Data Mining;0;0;0;0
van Loon;Harwin;26406342;Collectieve Intelligentie;Compilebouw practicum;Databases 2;Technology for games;0
van Loveren;Lammigje;39459642;Autonomous Agents 2;Compilerbouw;Databases 2;Machine Learning;Programmeren in Java 2
van Luttikhuizen;Fae;56544130;Analysemethoden en -technieken;Calculus 2;0;0;0
van Maarseveen;Micha;78821918;Analysemethoden en -technieken;Databases 2;Moderne Databases;Project Genetic Algorithms;0
van Marle;Meta;34243356;Analysemethoden en -technieken;Compilerbouw;Kansrekenen 2;Lineaire Algebra;Netwerken en systeembeveiliging
van Maurik;Léon;88752563;Calculus 2;Compilerbouw;Databases 2;Project Numerical Recipes;0
van Mierlo;Abram;89180944;Architectuur en computerorganisatie;Moderne Databases;Software engineering;Webprogrammeren en databases;0
van Montfort;Ans;59753700;Data Mining;Reflectie op de digitale cultuur;Zoeken sturen en bewegen;0;0
van Mourik;Yuri;33877725;Bioinformatica;Software engineering;Webprogrammeren en databases;0;0
van Munster;Yang;90103047;Project Numerical Recipes;0;0;0;0
van Oss;Miguel;12170832;Netwerken en systeembeveiliging;0;0;0;0
van Osta;Nanet;2550487;Interactie-ontwerp;Programmeren in Java 2;Project Numerical Recipes;0;0
van Plateringen;Sien;11741347;Compilerbouw;Moderne Databases;0;0;0
van Poorten;Fedoua;21029457;Bioinformatica;Calculus 2;0;0;0
van Putten;Jetty;70878567;Bioinformatica;Data Mining;Informatie- en organisatieontwerp;0;0
van Ravesteijn;Jersey;20374340;Interactie-ontwerp;0;0;0;0
van Riel;Jodi;58592894;Algoritmen en complexiteit;Calculus 2;Databases 2;Moderne Databases;0
van Rietschoten;Cleo;79879876;Heuristieken 1;Programmeren in Java 2;0;0;0
van Roemburg;Caressa;7386961;Programmeren in Java 2;0;0;0;0
van Rosmalen;El;26172512;Lineaire Algebra;0;0;0;0
van Rossem;Georgia;58736785;Heuristieken 1;Heuristieken 2;0;0;0
van Ruitenbeek;Dragana;34110913;Compilerbouw;0;0;0;0
van Ruler;Borre;37498675;Kansrekenen 2;0;0;0;0
van Santen;Marilène;16333449;Lineaire Algebra;Webprogrammeren en databases;0;0;0
van Sleeuwen;Sanne;9332762;Collectieve Intelligentie;Programmeren in Java 2;Technology for games;0;0
van Sommeren;Dalila;10698627;Programmeren in Java 2;Webprogrammeren en databases;0;0;0
van Suijlekom;Elske;11996292;Databases 2;Heuristieken 1;Moderne Databases;Technology for games;0
van 't Oever;Samah;47462856;Kansrekenen 2;Moderne Databases;0;0;0
van Teeffelen;Julot;96453361;Algoritmen en complexiteit;Bioinformatica;Zoeken sturen en bewegen;0;0
van Triest;Enrico;46989508;Compilerbouw;Databases 2;0;0;0
van Vloten;Tarik;83210352;Lineaire Algebra;Software engineering;0;0;0
van Voorden;Priscillia;29640619;Collectieve Intelligentie;Databases 2;Netwerken en systeembeveiliging;Programmeren in Java 2;Software engineering
van Waardenburg;Anne-Jan;56191333;Databases 2;Netwerken en systeembeveiliging;0;0;0
van Walsum;Maggy;37701751;Databases 2;Interactie-ontwerp;0;0;0
van Wanrooij;Maran;65675896;Compilebouw practicum;Interactie-ontwerp;0;0;0
van Weel;Renco;89338938;Kansrekenen 2;Project Numerical Recipes;Software engineering;Technology for games;0
van Wensen;Hazel;35315956;Heuristieken 2;0;0;0;0
van Wiggen;Sanna;32595335;Lineaire Algebra;0;0;0;0
van Zeijl;Hui;14138904;Architectuur en computerorganisatie;Compilebouw practicum;Heuristieken 1;0;0
van Zijderveld;Jorian;41153310;Programmeren in Java 2;Software engineering;0;0;0
van Zoelen;Anthonius;64768422;Interactie-ontwerp;0;0;0;0
van Zon;Christiaan;66570705;Lineaire Algebra;0;0;0;0
Veeke;Neele;48198668;Moderne Databases;0;0;0;0
Veldhuis;Bobby;61443567;Collectieve Intelligentie;Heuristieken 2;Programmeren in Java 2;Webprogrammeren en databases;0
Velt;Vinod;17092717;Databases 2;Webprogrammeren en databases;0;0;0
Vendel;Nadja;91250534;Compilebouw practicum;0;0;0;0
Verhorst;Solomon;88636924;Compilerbouw;0;0;0;0
Verkuijl;Yuki;5085194;Analysemethoden en -technieken;Compilebouw practicum;Databases 2;0;0
Vermanen;Chloe;23565001;Analysemethoden en -technieken;Calculus 2;Lineaire Algebra;0;0
Vermeeren;Talha;97136582;Data Mining;Netwerken en systeembeveiliging;0;0;0
Versantvoort;Maureen;70072978;Databases 2;Moderne Databases;Programmeren in Java 2;0;0
Versteeg;Kavish;22323043;Data Mining;Heuristieken 1;Software engineering;Technology for games;0
Vervaart;Sherman;12430748;Project Numerical Recipes;Technology for games;0;0;0
Vingerhoets;Karim;98105190;Compilerbouw;Heuristieken 1;0;0;0
Vinke;Jiri;73980360;Collectieve Intelligentie;0;0;0;0
Vinken;Kamiel;73350019;Analysemethoden en -technieken;0;0;0;0
Visch;Arnela;95007221;Compilerbouw;0;0;0;0
Voesten;Tjesse;13658563;Heuristieken 1;Informatie- en organisatieontwerp;Reflectie op de digitale cultuur;Zoeken sturen en bewegen;0
Voigt;Edwinus;62363761;Calculus 2;Netwerken en systeembeveiliging;0;0;0
Volman;Nadien;31194811;Compilerbouw;Technology for games;0;0;0
Vooijs;Annemarie;5892092;Compilebouw practicum;0;0;0;0
Voskuilen;Dax;78443067;Calculus 2;Moderne Databases;Software engineering;0;0
Vries;Jort;9731271;Calculus 2;Kansrekenen 2;Netwerken en systeembeveiliging;Programmeren in Java 2;0
Vromans;Rhona;34806836;Autonomous Agents 2;0;0;0;0
Vullings;Zhen;53775014;Heuristieken 1;0;0;0;0
Wallenburg;Laurent;44828429;Algoritmen en complexiteit;Interactie-ontwerp;0;0;0
Waninge;Vasco;15051051;Bioinformatica;Machine Learning;Moderne Databases;Zoeken sturen en bewegen;0
Warsame;Reduan;65960683;Collectieve Intelligentie;Compilerbouw;0;0;0
Weij;Matisse;37770881;Collectieve Intelligentie;Compilerbouw;Project Genetic Algorithms;0;0
Welling;Jos;25106480;Collectieve Intelligentie;Project Genetic Algorithms;Software engineering;0;0
Wensing;Evelina;56988998;Kansrekenen 2;Machine Learning;0;0;0
Wesselink;Djamilla;28957789;Calculus 2;Kansrekenen 2;Zoeken sturen en bewegen;0;0
Wesselman;Eyup;58074656;Software engineering;0;0;0;0
Wester;Harke;53107172;Collectieve Intelligentie;Heuristieken 1;0;0;0
Westera;Yunus;2079771;Compilerbouw;Machine Learning;0;0;0
Westgeest;Keshia;61520025;Calculus 2;0;0;0;0
Westra;Mies;12782624;Programmeren in Java 2;0;0;0;0
Wiegmans;Maryam;84449005;Moderne Databases;Project Genetic Algorithms;Reflectie op de digitale cultuur;0;0
Wielenga;Maris;19717077;Calculus 2;0;0;0;0
Wiersema;Filipe;72796858;Autonomous Agents 2;Compilerbouw;Databases 2;0;0
Wijers;Vigo;39429093;Advanced Heuristics;0;0;0;0
Wijnands;Heiltje;48503689;Compilerbouw;Programmeren in Java 2;Project Numerical Recipes;0;0
Wijngaarden;Marck;24277163;Collectieve Intelligentie;Databases 2;Moderne Databases;Reflectie op de digitale cultuur;0
Wijnsma;Alexandra;72456780;Analysemethoden en -technieken;Databases 2;Netwerken en systeembeveiliging;0;0
Wind;Ihsane;51052738;Reflectie op de digitale cultuur;0;0;0;0
Winkelaar;Yuna;23652927;Algoritmen en complexiteit;0;0;0;0
Wobbes;Jacko;30050930;Bioinformatica;0;0;0;0
Woertman;Ayça;75521763;Collectieve Intelligentie;Heuristieken 1;Informatie- en organisatieontwerp;Moderne Databases;Technology for games
Wolswijk;Sayfeddine;28358060;Webprogrammeren en databases;0;0;0;0
Wullink;Frederikus;33672995;Analysemethoden en -technieken;Calculus 2;0;0;0
Yazici;Gabriëlla;52715680;Algoritmen en complexiteit;Compilebouw practicum;Reflectie op de digitale cultuur;Software engineering;0
Yusuf;Vanita;10609762;Calculus 2;0;0;0;0
Zaaijer;Juno;94930277;Heuristieken 1;Webprogrammeren en databases;0;0;0
Zagers;Fransiscus;39230359;Kansrekenen 2;Webprogrammeren en databases;0;0;0
Zhang;Mellanie;23658570;Analysemethoden en -technieken;Calculus 2;Databases 2;Programmeren in Java 2;0
Zondag;Malte;14847953;Advanced Heuristics;Interactie-ontwerp;Webprogrammeren en databases;0;0
Zonneveld;Marise;98780382;Data Mining;0;0;0;0
Zwarts;Chico;59289233;Architectuur en computerorganisatie;0;0;0;0
Zweekhorst;Stein;21311067;Lineaire Algebra;0;0;0;0
